datetime,open,high,low,close,volume
2026-01-09 08:30:00-06:00,1.17,1.18,1.1514,1.1593,464.0
2026-01-09 08:31:00-06:00,1.1501,1.17,1.1501,1.17,49.0
2026-01-09 08:32:00-06:00,1.16,1.16,1.12,1.135,246.0
2026-01-09 08:33:00-06:00,1.1241,1.1241,1.06,1.074,285.0
2026-01-09 08:34:00-06:00,1.06,1.1,1.06,1.08,132.0
2026-01-09 08:35:00-06:00,1.065,1.08,1.065,1.0726,70.0
2026-01-09 08:36:00-06:00,1.0504,1.065,1.04,1.04,36.0
2026-01-09 08:37:00-06:00,1.0379,1.0683,1.0301,1.0567,30.0
2026-01-09 08:38:00-06:00,1.03,1.0351,1.0248,1.0351,90.0
2026-01-09 08:39:00-06:00,1.03,1.05,1.03,1.05,11.0
2026-01-09 08:40:00-06:00,1.05,1.05,1.02,1.03,207.0
2026-01-09 08:41:00-06:00,1.0229,1.03,1.0012,1.0012,396.0
2026-01-09 08:42:00-06:00,1.0,1.0099,1.0,1.0028,367.0
2026-01-09 08:43:00-06:00,1.0029,1.0029,0.9957,0.9957,13.0
2026-01-09 08:44:00-06:00,1.0,1.0,0.99,0.9951,330.0
2026-01-09 08:45:00-06:00,1.0,1.01,0.9957,1.01,85.0
2026-01-09 08:46:00-06:00,1.02,1.03,1.0001,1.0001,43.0
2026-01-09 08:47:00-06:00,1.03,1.05,1.025,1.05,23.0
2026-01-09 08:48:00-06:00,1.04,1.05,1.04,1.05,17.0
2026-01-09 08:49:00-06:00,1.03,1.03,1.0083,1.025,29.0
2026-01-09 08:50:00-06:00,1.025,1.025,1.025,1.025,0.0
2026-01-09 08:51:00-06:00,1.01,1.01,1.0,1.0097,47.0
2026-01-09 08:52:00-06:00,1.0097,1.01,1.0,1.0096,26.0
2026-01-09 08:53:00-06:00,1.01,1.02,1.01,1.02,18.0
2026-01-09 08:54:00-06:00,1.01,1.02,1.01,1.0199,65.0
2026-01-09 08:55:00-06:00,1.03,1.03,1.03,1.03,10.0
2026-01-09 08:56:00-06:00,1.02,1.04,1.02,1.04,36.0
2026-01-09 08:57:00-06:00,1.0396,1.0396,1.035,1.035,8.0
2026-01-09 08:58:00-06:00,1.035,1.0398,1.035,1.0398,6.0
2026-01-09 08:59:00-06:00,1.0397,1.05,1.035,1.04,145.0
2026-01-09 09:00:00-06:00,1.0465,1.0465,1.0465,1.0465,5.0
2026-01-09 09:01:00-06:00,1.04,1.0413,1.04,1.0413,4.0
2026-01-09 09:02:00-06:00,1.03,1.03,1.015,1.015,69.0
2026-01-09 09:03:00-06:00,1.0199,1.0199,1.0175,1.0175,3.0
2026-01-09 09:04:00-06:00,1.015,1.015,1.015,1.015,1.0
2026-01-09 09:05:00-06:00,1.0113,1.0113,1.0097,1.0099,65.0
2026-01-09 09:06:00-06:00,1.01,1.01,1.01,1.01,5.0
2026-01-09 09:07:00-06:00,1.01,1.01,1.01,1.01,0.0
2026-01-09 09:08:00-06:00,1.01,1.01,1.01,1.01,2.0
2026-01-09 09:09:00-06:00,1.0296,1.0296,1.0296,1.0296,2.0
2026-01-09 09:10:00-06:00,1.03,1.0398,1.0207,1.0207,87.0
2026-01-09 09:11:00-06:00,1.0207,1.0207,1.0207,1.0207,0.0
2026-01-09 09:12:00-06:00,1.04,1.04,1.04,1.04,50.0
2026-01-09 09:13:00-06:00,1.03,1.03,1.02,1.025,198.0
2026-01-09 09:14:00-06:00,1.025,1.025,1.025,1.025,2.0
2026-01-09 09:15:00-06:00,1.03,1.05,1.03,1.04,139.0
2026-01-09 09:16:00-06:00,1.035,1.035,1.0325,1.0325,2.0
2026-01-09 09:17:00-06:00,1.03,1.0301,1.03,1.0301,21.0
2026-01-09 09:18:00-06:00,1.0301,1.0301,1.0301,1.0301,0.0
2026-01-09 09:19:00-06:00,1.03,1.03,1.0019,1.0019,58.0
2026-01-09 09:20:00-06:00,1.0021,1.01,1.0021,1.01,47.0
2026-01-09 09:21:00-06:00,1.01,1.01,1.005,1.005,11.0
2026-01-09 09:22:00-06:00,1.0001,1.0001,1.0001,1.0001,1.0
2026-01-09 09:23:00-06:00,1.0001,1.0001,1.0001,1.0001,0.0
2026-01-09 09:24:00-06:00,1.0019,1.0019,1.0019,1.0019,11.0
2026-01-09 09:25:00-06:00,1.005,1.005,1.0001,1.0001,9.0
2026-01-09 09:26:00-06:00,1.0075,1.0075,1.0075,1.0075,1.0
2026-01-09 09:27:00-06:00,1.0065,1.0163,1.0065,1.01,51.0
2026-01-09 09:28:00-06:00,1.0124,1.015,1.01,1.015,8.0
2026-01-09 09:29:00-06:00,1.0106,1.02,1.01,1.02,72.0
2026-01-09 09:30:00-06:00,1.015,1.028,1.015,1.028,12.0
2026-01-09 09:31:00-06:00,1.02,1.0299,1.02,1.0299,79.0
2026-01-09 09:32:00-06:00,1.02,1.02,1.02,1.02,1.0
2026-01-09 09:33:00-06:00,1.02,1.02,1.02,1.02,0.0
2026-01-09 09:34:00-06:00,1.0207,1.0287,1.0207,1.0216,34.0
2026-01-09 09:35:00-06:00,1.025,1.025,1.025,1.025,1.0
2026-01-09 09:36:00-06:00,1.025,1.025,1.025,1.025,2.0
2026-01-09 09:37:00-06:00,1.02,1.02,1.01,1.01,56.0
2026-01-09 09:38:00-06:00,1.0,1.005,1.0,1.005,62.0
2026-01-09 09:39:00-06:00,1.005,1.005,1.005,1.005,50.0
2026-01-09 09:40:00-06:00,1.0054,1.0054,1.0,1.0,29.0
2026-01-09 09:41:00-06:00,1.005,1.01,0.993,1.003,299.0
2026-01-09 09:42:00-06:00,0.9995,0.9995,0.9995,0.9995,1.0
2026-01-09 09:43:00-06:00,1.0,1.0,1.0,1.0,20.0
2026-01-09 09:44:00-06:00,1.0,1.0,0.9606,0.99,159.0
2026-01-09 09:45:00-06:00,0.9849,0.9849,0.9607,0.9607,17.0
2026-01-09 09:46:00-06:00,0.9743,0.9743,0.9627,0.9627,6.0
2026-01-09 09:47:00-06:00,0.9627,0.9627,0.9627,0.9627,0.0
2026-01-09 09:48:00-06:00,0.9857,0.9857,0.9717,0.9717,47.0
2026-01-09 09:49:00-06:00,0.9848,0.9849,0.9848,0.9849,6.0
2026-01-09 09:50:00-06:00,0.9849,0.9849,0.9849,0.9849,0.0
2026-01-09 09:51:00-06:00,0.9849,0.9849,0.9849,0.9849,1.0
2026-01-09 09:52:00-06:00,0.9849,0.9849,0.9849,0.9849,0.0
2026-01-09 09:53:00-06:00,0.9895,0.9895,0.9802,0.9802,13.0
2026-01-09 09:54:00-06:00,0.9803,0.9803,0.9803,0.9803,1.0
2026-01-09 09:55:00-06:00,0.9803,0.9803,0.9803,0.9803,0.0
2026-01-09 09:56:00-06:00,0.9852,0.9852,0.9851,0.9851,55.0
2026-01-09 09:57:00-06:00,0.986,0.986,0.986,0.986,1.0
2026-01-09 09:58:00-06:00,0.986,0.986,0.986,0.986,0.0
2026-01-09 09:59:00-06:00,0.9876,0.9876,0.98,0.983,47.0
2026-01-09 10:00:00-06:00,0.983,0.983,0.983,0.983,21.0
2026-01-09 10:01:00-06:00,0.983,0.983,0.983,0.983,0.0
2026-01-09 10:02:00-06:00,0.9835,0.9843,0.98,0.9843,30.0
2026-01-09 10:03:00-06:00,0.9843,0.9843,0.9843,0.9843,21.0
2026-01-09 10:04:00-06:00,0.9843,0.9844,0.9843,0.9844,7.0
2026-01-09 10:05:00-06:00,0.9844,0.9844,0.9844,0.9844,7.0
2026-01-09 10:06:00-06:00,0.981,0.9843,0.981,0.9843,31.0
2026-01-09 10:07:00-06:00,0.9803,0.9805,0.966,0.9692,72.0
2026-01-09 10:08:00-06:00,0.9692,0.9768,0.9692,0.9716,13.0
2026-01-09 10:09:00-06:00,0.9769,0.9814,0.9768,0.9814,7.0
2026-01-09 10:10:00-06:00,0.9823,0.9899,0.9823,0.9899,31.0
2026-01-09 10:11:00-06:00,0.99,0.99,0.9825,0.9825,3.0
2026-01-09 10:12:00-06:00,0.9885,0.9885,0.9826,0.9826,3.0
2026-01-09 10:13:00-06:00,0.9825,0.9825,0.9825,0.9825,2.0
2026-01-09 10:14:00-06:00,0.9812,0.9818,0.9752,0.9752,8.0
2026-01-09 10:15:00-06:00,0.9826,0.984,0.9795,0.9795,41.0
2026-01-09 10:16:00-06:00,0.9795,0.9795,0.9795,0.9795,0.0
2026-01-09 10:17:00-06:00,0.9795,0.9795,0.9795,0.9795,0.0
2026-01-09 10:18:00-06:00,0.9795,0.9795,0.9795,0.9795,0.0
2026-01-09 10:19:00-06:00,0.975,0.9798,0.975,0.9797,63.0
2026-01-09 10:20:00-06:00,0.9797,0.9797,0.9797,0.9797,0.0
2026-01-09 10:21:00-06:00,0.9797,0.9797,0.9797,0.9797,2.0
2026-01-09 10:22:00-06:00,0.9797,0.9797,0.9797,0.9797,0.0
2026-01-09 10:23:00-06:00,0.9883,0.9884,0.9883,0.9884,9.0
2026-01-09 10:24:00-06:00,0.9884,0.9884,0.9884,0.9884,0.0
2026-01-09 10:25:00-06:00,0.9884,0.9884,0.9884,0.9884,0.0
2026-01-09 10:26:00-06:00,0.9841,0.9882,0.9841,0.9882,9.0
2026-01-09 10:27:00-06:00,0.9882,0.9882,0.9882,0.9882,5.0
2026-01-09 10:28:00-06:00,0.9801,0.984,0.98,0.98,23.0
2026-01-09 10:29:00-06:00,0.98,0.9802,0.98,0.9802,13.0
2026-01-09 10:30:00-06:00,0.9802,0.9802,0.977,0.977,4.0
2026-01-09 10:31:00-06:00,0.977,0.977,0.977,0.977,0.0
2026-01-09 10:32:00-06:00,0.977,0.977,0.977,0.977,0.0
2026-01-09 10:33:00-06:00,0.977,0.977,0.977,0.977,3.0
2026-01-09 10:34:00-06:00,0.977,0.977,0.977,0.977,0.0
2026-01-09 10:35:00-06:00,0.97,0.97,0.97,0.97,2.0
2026-01-09 10:36:00-06:00,0.9687,0.9698,0.966,0.966,40.0
2026-01-09 10:37:00-06:00,0.966,0.966,0.966,0.966,0.0
2026-01-09 10:38:00-06:00,0.9678,0.9678,0.9659,0.9659,5.0
2026-01-09 10:39:00-06:00,0.9659,0.9659,0.961,0.9635,8.0
2026-01-09 10:40:00-06:00,0.9671,0.9671,0.965,0.965,2.0
2026-01-09 10:41:00-06:00,0.965,0.965,0.965,0.965,30.0
2026-01-09 10:42:00-06:00,0.9641,0.9641,0.9641,0.9641,10.0
2026-01-09 10:43:00-06:00,0.9665,0.9665,0.9665,0.9665,1.0
2026-01-09 10:44:00-06:00,0.9664,0.9664,0.964,0.964,7.0
2026-01-09 10:45:00-06:00,0.961,0.9684,0.961,0.9684,2.0
2026-01-09 10:46:00-06:00,0.9611,0.966,0.9611,0.9647,5.0
2026-01-09 10:47:00-06:00,0.9647,0.9647,0.9647,0.9647,0.0
2026-01-09 10:48:00-06:00,0.9683,0.9688,0.9666,0.9688,22.0
2026-01-09 10:49:00-06:00,0.9675,0.9675,0.966,0.966,23.0
2026-01-09 10:50:00-06:00,0.9675,0.968,0.9659,0.968,60.0
2026-01-09 10:51:00-06:00,0.968,0.968,0.968,0.968,0.0
2026-01-09 10:52:00-06:00,0.9659,0.9659,0.96,0.961,41.0
2026-01-09 10:53:00-06:00,0.961,0.961,0.961,0.961,0.0
2026-01-09 10:54:00-06:00,0.965,0.965,0.9615,0.9615,5.0
2026-01-09 10:55:00-06:00,0.9699,0.9699,0.9699,0.9699,10.0
2026-01-09 10:56:00-06:00,0.9614,0.9614,0.9614,0.9614,1.0
2026-01-09 10:57:00-06:00,0.9614,0.9614,0.9614,0.9614,0.0
2026-01-09 10:58:00-06:00,0.9614,0.9614,0.9614,0.9614,0.0
2026-01-09 10:59:00-06:00,0.9614,0.9656,0.9614,0.9656,6.0
2026-01-09 11:00:00-06:00,0.953,0.953,0.953,0.953,1.0
2026-01-09 11:01:00-06:00,0.953,0.953,0.953,0.953,0.0
2026-01-09 11:02:00-06:00,0.9616,0.9616,0.9616,0.9616,5.0
2026-01-09 11:03:00-06:00,0.9532,0.9564,0.9402,0.9403,141.0
2026-01-09 11:04:00-06:00,0.9403,0.941,0.9403,0.941,12.0
2026-01-09 11:05:00-06:00,0.9411,0.9411,0.9411,0.9411,13.0
2026-01-09 11:06:00-06:00,0.9411,0.9411,0.93,0.9301,158.0
2026-01-09 11:07:00-06:00,0.9352,0.9352,0.9352,0.9352,10.0
2026-01-09 11:08:00-06:00,0.9394,0.9545,0.9394,0.9545,8.0
2026-01-09 11:09:00-06:00,0.9464,0.9479,0.9464,0.9478,22.0
2026-01-09 11:10:00-06:00,0.9478,0.9478,0.9478,0.9478,0.0
2026-01-09 11:11:00-06:00,0.9629,0.9629,0.9629,0.9629,2.0
2026-01-09 11:12:00-06:00,0.9629,0.9629,0.9629,0.9629,0.0
2026-01-09 11:13:00-06:00,0.9555,0.9555,0.9555,0.9555,5.0
2026-01-09 11:14:00-06:00,0.9555,0.9555,0.9555,0.9555,0.0
2026-01-09 11:15:00-06:00,0.9555,0.9556,0.9555,0.9556,4.0
2026-01-09 11:16:00-06:00,0.9556,0.9556,0.9556,0.9556,0.0
2026-01-09 11:17:00-06:00,0.9556,0.9556,0.9556,0.9556,0.0
2026-01-09 11:18:00-06:00,0.9556,0.9556,0.9556,0.9556,0.0
2026-01-09 11:19:00-06:00,0.9483,0.963,0.9483,0.963,3.0
2026-01-09 11:20:00-06:00,0.963,0.963,0.963,0.963,0.0
2026-01-09 11:21:00-06:00,0.9556,0.9556,0.9556,0.9556,12.0
2026-01-09 11:22:00-06:00,0.9556,0.9556,0.9556,0.9556,4.0
2026-01-09 11:23:00-06:00,0.9556,0.9556,0.9556,0.9556,2.0
2026-01-09 11:24:00-06:00,0.9556,0.9556,0.9556,0.9556,0.0
2026-01-09 11:25:00-06:00,0.9556,0.9556,0.9556,0.9556,0.0
2026-01-09 11:26:00-06:00,0.9593,0.96,0.9593,0.96,8.0
2026-01-09 11:27:00-06:00,0.96,0.96,0.96,0.96,0.0
2026-01-09 11:28:00-06:00,0.9592,0.9592,0.9592,0.9592,5.0
2026-01-09 11:29:00-06:00,0.9592,0.9592,0.9592,0.9592,0.0
2026-01-09 11:30:00-06:00,0.9592,0.9592,0.9592,0.9592,0.0
2026-01-09 11:31:00-06:00,0.9592,0.9592,0.9592,0.9592,0.0
2026-01-09 11:32:00-06:00,0.9592,0.9592,0.9592,0.9592,0.0
2026-01-09 11:33:00-06:00,0.9592,0.9592,0.9592,0.9592,1.0
2026-01-09 11:34:00-06:00,0.9592,0.9592,0.9592,0.9592,0.0
2026-01-09 11:35:00-06:00,0.9592,0.9592,0.9592,0.9592,5.0
2026-01-09 11:36:00-06:00,0.9592,0.9592,0.9592,0.9592,0.0
2026-01-09 11:37:00-06:00,0.9557,0.9557,0.95,0.95,9.0
2026-01-09 11:38:00-06:00,0.95,0.95,0.9439,0.9479,104.0
2026-01-09 11:39:00-06:00,0.932,0.9384,0.9315,0.9384,8.0
2026-01-09 11:40:00-06:00,0.9384,0.9384,0.9384,0.9384,0.0
2026-01-09 11:41:00-06:00,0.9384,0.9384,0.9384,0.9384,0.0
2026-01-09 11:42:00-06:00,0.945,0.951,0.945,0.951,155.0
2026-01-09 11:43:00-06:00,0.9602,0.9605,0.9602,0.9604,20.0
2026-01-09 11:44:00-06:00,0.9688,0.969,0.9687,0.969,71.0
2026-01-09 11:45:00-06:00,0.9699,0.972,0.9698,0.9719,35.0
2026-01-09 11:46:00-06:00,0.9718,0.972,0.9718,0.972,17.0
2026-01-09 11:47:00-06:00,0.972,0.972,0.972,0.972,0.0
2026-01-09 11:48:00-06:00,0.972,0.972,0.972,0.972,1.0
2026-01-09 11:49:00-06:00,0.9759,0.9798,0.9759,0.9759,104.0
2026-01-09 11:50:00-06:00,0.9778,0.9778,0.9778,0.9778,8.0
2026-01-09 11:51:00-06:00,0.9778,0.9778,0.9778,0.9778,0.0
2026-01-09 11:52:00-06:00,0.9778,0.9778,0.9778,0.9778,0.0
2026-01-09 11:53:00-06:00,0.9759,0.9759,0.9759,0.9759,2.0
2026-01-09 11:54:00-06:00,0.97,0.97,0.97,0.97,30.0
2026-01-09 11:55:00-06:00,0.9749,0.9749,0.9749,0.9749,27.0
2026-01-09 11:56:00-06:00,0.9749,0.9749,0.9749,0.9749,0.0
2026-01-09 11:57:00-06:00,0.9749,0.9749,0.9749,0.9749,0.0
2026-01-09 11:58:00-06:00,0.9713,0.9713,0.9713,0.9713,1.0
2026-01-09 11:59:00-06:00,0.9713,0.9713,0.9713,0.9713,0.0
2026-01-09 12:00:00-06:00,0.9725,0.9725,0.97,0.9719,9.0
2026-01-09 12:01:00-06:00,0.9719,0.9739,0.9719,0.9739,11.0
2026-01-09 12:02:00-06:00,0.9739,0.9739,0.9739,0.9739,10.0
2026-01-09 12:03:00-06:00,0.9739,0.9739,0.9739,0.9739,2.0
2026-01-09 12:04:00-06:00,0.9739,0.9739,0.9739,0.9739,20.0
2026-01-09 12:05:00-06:00,0.9739,0.9739,0.9739,0.9739,0.0
2026-01-09 12:06:00-06:00,0.9739,0.9739,0.9739,0.9739,0.0
2026-01-09 12:07:00-06:00,0.9739,0.9739,0.9739,0.9739,0.0
2026-01-09 12:08:00-06:00,0.9738,0.9799,0.9738,0.9798,13.0
2026-01-09 12:09:00-06:00,0.9798,0.9798,0.9798,0.9798,0.0
2026-01-09 12:10:00-06:00,0.9798,0.9798,0.9798,0.9798,0.0
2026-01-09 12:11:00-06:00,0.9798,0.9798,0.9798,0.9798,0.0
2026-01-09 12:12:00-06:00,0.9847,0.9847,0.9847,0.9847,1.0
2026-01-09 12:13:00-06:00,0.9847,0.9847,0.9847,0.9847,0.0
2026-01-09 12:14:00-06:00,0.9847,0.9847,0.9847,0.9847,0.0
2026-01-09 12:15:00-06:00,0.9841,0.9841,0.9822,0.9822,5.0
2026-01-09 12:16:00-06:00,0.9822,0.9822,0.9822,0.9822,0.0
2026-01-09 12:17:00-06:00,0.9846,0.9846,0.9846,0.9846,2.0
2026-01-09 12:18:00-06:00,0.9797,0.9797,0.9797,0.9797,11.0
2026-01-09 12:19:00-06:00,0.9732,0.9732,0.9732,0.9732,2.0
2026-01-09 12:20:00-06:00,0.9732,0.9732,0.9732,0.9732,0.0
2026-01-09 12:21:00-06:00,0.9732,0.9732,0.9732,0.9732,0.0
2026-01-09 12:22:00-06:00,0.9732,0.9732,0.9732,0.9732,0.0
2026-01-09 12:23:00-06:00,0.97,0.97,0.96,0.96,112.0
2026-01-09 12:24:00-06:00,0.96,0.96,0.96,0.96,66.0
2026-01-09 12:25:00-06:00,0.9501,0.9501,0.9501,0.9501,11.0
2026-01-09 12:26:00-06:00,0.9501,0.9501,0.9501,0.9501,2.0
2026-01-09 12:27:00-06:00,0.9501,0.9501,0.95,0.95,6.0
2026-01-09 12:28:00-06:00,0.95,0.95,0.95,0.95,2.0
2026-01-09 12:29:00-06:00,0.95,0.95,0.95,0.95,0.0
2026-01-09 12:30:00-06:00,0.95,0.95,0.95,0.95,4.0
2026-01-09 12:31:00-06:00,0.95,0.9501,0.95,0.9501,7.0
2026-01-09 12:32:00-06:00,0.9549,0.9549,0.9549,0.9549,2.0
2026-01-09 12:33:00-06:00,0.9549,0.9549,0.9549,0.9549,1.0
2026-01-09 12:34:00-06:00,0.9549,0.9549,0.9549,0.9549,0.0
2026-01-09 12:35:00-06:00,0.9549,0.9549,0.9549,0.9549,0.0
2026-01-09 12:36:00-06:00,0.9549,0.9549,0.9549,0.9549,0.0
2026-01-09 12:37:00-06:00,0.9549,0.9549,0.9549,0.9549,0.0
2026-01-09 12:38:00-06:00,0.9549,0.9549,0.9549,0.9549,0.0
2026-01-09 12:39:00-06:00,0.9598,0.9598,0.9598,0.9598,32.0
2026-01-09 12:40:00-06:00,0.9549,0.9549,0.9549,0.9549,1.0
2026-01-09 12:41:00-06:00,0.9549,0.9549,0.9549,0.9549,12.0
2026-01-09 12:42:00-06:00,0.9549,0.9549,0.9549,0.9549,0.0
2026-01-09 12:43:00-06:00,0.95,0.95,0.9452,0.9495,20.0
2026-01-09 12:44:00-06:00,0.9495,0.9495,0.9495,0.9495,0.0
2026-01-09 12:45:00-06:00,0.9495,0.9495,0.9495,0.9495,0.0
2026-01-09 12:46:00-06:00,0.9495,0.9495,0.9495,0.9495,0.0
2026-01-09 12:47:00-06:00,0.9495,0.9495,0.9495,0.9495,0.0
2026-01-09 12:48:00-06:00,0.9495,0.9495,0.9495,0.9495,0.0
2026-01-09 12:49:00-06:00,0.9495,0.9495,0.9495,0.9495,0.0
2026-01-09 12:50:00-06:00,0.9495,0.9495,0.9495,0.9495,0.0
2026-01-09 12:51:00-06:00,0.9495,0.9495,0.9495,0.9495,0.0
2026-01-09 12:52:00-06:00,0.95,0.9601,0.95,0.9601,7.0
2026-01-09 12:53:00-06:00,0.9601,0.9601,0.9601,0.9601,0.0
2026-01-09 12:54:00-06:00,0.9601,0.9601,0.9601,0.9601,0.0
2026-01-09 12:55:00-06:00,0.9601,0.9601,0.9535,0.9535,12.0
2026-01-09 12:56:00-06:00,0.9535,0.9535,0.9535,0.9535,0.0
2026-01-09 12:57:00-06:00,0.9535,0.9535,0.9535,0.9535,0.0
2026-01-09 12:58:00-06:00,0.9535,0.9535,0.9535,0.9535,0.0
2026-01-09 12:59:00-06:00,0.96,0.96,0.96,0.96,4.0
2026-01-09 13:00:00-06:00,0.9567,0.9567,0.9567,0.9567,1.0
2026-01-09 13:01:00-06:00,0.9536,0.9568,0.9536,0.9568,3.0
2026-01-09 13:02:00-06:00,0.9568,0.9568,0.9568,0.9568,4.0
2026-01-09 13:03:00-06:00,0.9599,0.9599,0.9599,0.9599,1.0
2026-01-09 13:04:00-06:00,0.9599,0.9599,0.9599,0.9599,0.0
2026-01-09 13:05:00-06:00,0.9576,0.9576,0.9576,0.9576,4.0
2026-01-09 13:06:00-06:00,0.9576,0.9576,0.9576,0.9576,6.0
2026-01-09 13:07:00-06:00,0.9576,0.9576,0.9576,0.9576,0.0
2026-01-09 13:08:00-06:00,0.9599,0.9599,0.9599,0.9599,1.0
2026-01-09 13:09:00-06:00,0.9599,0.9599,0.9599,0.9599,0.0
2026-01-09 13:10:00-06:00,0.9599,0.9599,0.9599,0.9599,0.0
2026-01-09 13:11:00-06:00,0.9589,0.9589,0.9589,0.9589,2.0
2026-01-09 13:12:00-06:00,0.959,0.9599,0.959,0.9599,4.0
2026-01-09 13:13:00-06:00,0.9599,0.9599,0.9599,0.9599,1.0
2026-01-09 13:14:00-06:00,0.9599,0.9599,0.9599,0.9599,0.0
2026-01-09 13:15:00-06:00,0.9553,0.9588,0.9553,0.9588,9.0
2026-01-09 13:16:00-06:00,0.9575,0.9575,0.9575,0.9575,2.0
2026-01-09 13:17:00-06:00,0.9574,0.9601,0.9574,0.9601,42.0
2026-01-09 13:18:00-06:00,0.9601,0.9601,0.9601,0.9601,0.0
2026-01-09 13:19:00-06:00,0.9648,0.9696,0.9648,0.9649,5.0
2026-01-09 13:20:00-06:00,0.9649,0.9649,0.9649,0.9649,0.0
2026-01-09 13:21:00-06:00,0.9649,0.9649,0.9649,0.9649,0.0
2026-01-09 13:22:00-06:00,0.9648,0.9648,0.9636,0.9636,11.0
2026-01-09 13:23:00-06:00,0.9636,0.9636,0.9636,0.9636,0.0
2026-01-09 13:24:00-06:00,0.9625,0.9625,0.9625,0.9625,3.0
2026-01-09 13:25:00-06:00,0.9625,0.9648,0.9625,0.9648,4.0
2026-01-09 13:26:00-06:00,0.9636,0.9636,0.9626,0.9626,97.0
2026-01-09 13:27:00-06:00,0.9635,0.9635,0.9604,0.9604,28.0
2026-01-09 13:28:00-06:00,0.9604,0.9604,0.9604,0.9604,0.0
2026-01-09 13:29:00-06:00,0.9648,0.9648,0.9646,0.9647,3.0
2026-01-09 13:30:00-06:00,0.9647,0.9647,0.9647,0.9647,0.0
2026-01-09 13:31:00-06:00,0.9648,0.9648,0.9648,0.9648,1.0
2026-01-09 13:32:00-06:00,0.9648,0.9648,0.9648,0.9648,6.0
2026-01-09 13:33:00-06:00,0.9648,0.9648,0.9644,0.9644,6.0
2026-01-09 13:34:00-06:00,0.9648,0.9697,0.9647,0.9648,22.0
2026-01-09 13:35:00-06:00,0.9648,0.9648,0.9648,0.9648,0.0
2026-01-09 13:36:00-06:00,0.9648,0.9648,0.9648,0.9648,0.0
2026-01-09 13:37:00-06:00,0.9648,0.9648,0.9648,0.9648,0.0
2026-01-09 13:38:00-06:00,0.9692,0.9692,0.9692,0.9692,4.0
2026-01-09 13:39:00-06:00,0.9692,0.9692,0.9692,0.9692,0.0
2026-01-09 13:40:00-06:00,0.9692,0.9695,0.9692,0.9695,4.0
2026-01-09 13:41:00-06:00,0.9695,0.9695,0.9695,0.9695,0.0
2026-01-09 13:42:00-06:00,0.9695,0.9695,0.9695,0.9695,0.0
2026-01-09 13:43:00-06:00,0.9695,0.9695,0.9695,0.9695,0.0
2026-01-09 13:44:00-06:00,0.9695,0.9695,0.9695,0.9695,0.0
2026-01-09 13:45:00-06:00,0.9695,0.9695,0.9695,0.9695,0.0
2026-01-09 13:46:00-06:00,0.964,0.9693,0.964,0.9693,4.0
2026-01-09 13:47:00-06:00,0.9693,0.9693,0.9693,0.9693,0.0
2026-01-09 13:48:00-06:00,0.969,0.969,0.969,0.969,5.0
2026-01-09 13:49:00-06:00,0.969,0.9983,0.969,0.9875,329.0
2026-01-09 13:50:00-06:00,0.9875,0.9875,0.9875,0.9875,0.0
2026-01-09 13:51:00-06:00,0.9983,0.9983,0.9876,0.9876,49.0
2026-01-09 13:52:00-06:00,0.9876,0.9876,0.9876,0.9876,0.0
2026-01-09 13:53:00-06:00,0.9983,0.9983,0.9983,0.9983,4.0
2026-01-09 13:54:00-06:00,0.9983,0.9983,0.9983,0.9983,0.0
2026-01-09 13:55:00-06:00,0.9983,0.9983,0.9983,0.9983,0.0
2026-01-09 13:56:00-06:00,0.9983,0.9983,0.9983,0.9983,0.0
2026-01-09 13:57:00-06:00,0.9983,0.9983,0.9983,0.9983,0.0
2026-01-09 13:58:00-06:00,0.9966,0.9966,0.9966,0.9966,16.0
2026-01-09 13:59:00-06:00,0.9896,0.9998,0.9896,0.9921,7.0
2026-01-09 14:00:00-06:00,0.9921,0.9921,0.9921,0.9921,0.0
2026-01-09 14:01:00-06:00,0.9921,0.9921,0.9921,0.9921,0.0
2026-01-09 14:02:00-06:00,0.9921,0.9921,0.9921,0.9921,0.0
2026-01-09 14:03:00-06:00,0.9976,0.9976,0.9949,0.9949,2.0
2026-01-09 14:04:00-06:00,0.993,0.993,0.993,0.993,2.0
2026-01-09 14:05:00-06:00,0.9939,0.9939,0.9939,0.9939,1.0
2026-01-09 14:06:00-06:00,0.9975,0.9975,0.9975,0.9975,1.0
2026-01-09 14:07:00-06:00,0.9909,0.9909,0.9869,0.9869,14.0
2026-01-09 14:08:00-06:00,0.9869,0.9869,0.9869,0.9869,0.0
2026-01-09 14:09:00-06:00,0.9869,0.9869,0.9869,0.9869,1.0
2026-01-09 14:10:00-06:00,0.9869,0.9869,0.9869,0.9869,0.0
2026-01-09 14:11:00-06:00,0.9869,0.9869,0.9869,0.9869,0.0
2026-01-09 14:12:00-06:00,0.9908,0.9908,0.9871,0.9871,5.0
2026-01-09 14:13:00-06:00,0.9871,0.9871,0.9871,0.9871,0.0
2026-01-09 14:14:00-06:00,0.9871,0.9871,0.9871,0.9871,0.0
2026-01-09 14:15:00-06:00,0.984,0.9902,0.984,0.9902,7.0
2026-01-09 14:16:00-06:00,0.9902,0.9902,0.9902,0.9902,0.0
2026-01-09 14:17:00-06:00,0.9909,0.9909,0.9909,0.9909,5.0
2026-01-09 14:18:00-06:00,0.9939,0.9939,0.9939,0.9939,1.0
2026-01-09 14:19:00-06:00,0.9975,0.9975,0.9975,0.9975,5.0
2026-01-09 14:20:00-06:00,0.9959,0.9959,0.9959,0.9959,15.0
2026-01-09 14:21:00-06:00,0.9976,0.9976,0.9976,0.9976,1.0
2026-01-09 14:22:00-06:00,0.9976,0.9976,0.9976,0.9976,0.0
2026-01-09 14:23:00-06:00,0.9976,0.9976,0.9976,0.9976,1.0
2026-01-09 14:24:00-06:00,0.9915,0.9915,0.9915,0.9915,1.0
2026-01-09 14:25:00-06:00,0.9975,0.9976,0.9975,0.9976,3.0
2026-01-09 14:26:00-06:00,0.996,0.996,0.9888,0.989,19.0
2026-01-09 14:27:00-06:00,0.9813,0.9852,0.9813,0.9844,64.0
2026-01-09 14:28:00-06:00,0.9852,0.9853,0.9851,0.9853,12.0
2026-01-09 14:29:00-06:00,0.9944,0.9944,0.9944,0.9944,1.0
2026-01-09 14:30:00-06:00,0.9914,0.9914,0.9844,0.9844,8.0
2026-01-09 14:31:00-06:00,0.9844,0.9844,0.9844,0.9844,10.0
2026-01-09 14:32:00-06:00,0.9844,0.9844,0.9844,0.9844,1.0
2026-01-09 14:33:00-06:00,0.9844,0.9844,0.9844,0.9844,1.0
2026-01-09 14:34:00-06:00,0.9844,0.9844,0.9844,0.9844,0.0
2026-01-09 14:35:00-06:00,0.9894,0.9894,0.9894,0.9894,1.0
2026-01-09 14:36:00-06:00,0.9896,0.9896,0.9896,0.9896,10.0
2026-01-09 14:37:00-06:00,0.9896,0.9926,0.9896,0.9926,6.0
2026-01-09 14:38:00-06:00,0.9898,0.9898,0.9898,0.9898,1.0
2026-01-09 14:39:00-06:00,0.9972,0.9998,0.9917,0.9917,17.0
2026-01-09 14:40:00-06:00,0.9918,0.9918,0.9918,0.9918,1.0
2026-01-09 14:41:00-06:00,0.9927,1.0,0.9927,1.0,122.0
2026-01-09 14:42:00-06:00,0.9935,0.9987,0.9934,0.9987,5.0
2026-01-09 14:43:00-06:00,0.987,0.9999,0.987,0.9999,9.0
2026-01-09 14:44:00-06:00,0.9935,0.9999,0.9935,0.9999,3.0
2026-01-09 14:45:00-06:00,0.9999,0.9999,0.9999,0.9999,0.0
2026-01-09 14:46:00-06:00,0.9935,0.9997,0.9935,0.9996,16.0
2026-01-09 14:47:00-06:00,0.9997,0.9999,0.9997,0.9999,6.0
2026-01-09 14:48:00-06:00,0.9999,0.9999,0.9999,0.9999,1.0
2026-01-09 14:49:00-06:00,0.9941,0.997,0.9941,0.997,28.0
2026-01-09 14:50:00-06:00,0.994,0.9969,0.9934,0.9934,5.0
2026-01-09 14:51:00-06:00,0.9995,0.9995,0.9934,0.9934,6.0
2026-01-09 14:52:00-06:00,0.9934,0.9996,0.9934,0.9934,9.0
2026-01-09 14:53:00-06:00,0.9998,0.9999,0.9998,0.9999,7.0
2026-01-09 14:54:00-06:00,0.9989,0.9989,0.9989,0.9989,1.0
2026-01-09 14:55:00-06:00,0.9989,1.01,0.9989,1.01,61.0
2026-01-09 14:56:00-06:00,1.0031,1.02,1.0031,1.015,53.0
2026-01-09 14:57:00-06:00,1.015,1.015,1.015,1.015,8.0
2026-01-09 14:58:00-06:00,1.01,1.015,0.99,1.0,154.0
2026-01-09 14:59:00-06:00,0.9901,1.01,0.9766,0.9804,653.0
